FID,STATEFP10,COUNTYFP10,TRACTCE10,GEOID10,NAMELSAD10,Mkt_Area
0,21,111,010601,21111010601,Census Tract 106.01,East Core
1,21,111,010312,21111010312,Census Tract 103.12,Northeast Metro
2,21,111,010317,21111010317,Census Tract 103.17,Northeast Metro
3,21,111,010313,21111010313,Census Tract 103.13,Northeast Metro
4,21,111,009106,21111009106,Census Tract 91.06,Iroquois Park
5,21,111,009105,21111009105,Census Tract 91.05,Iroquois Park
6,21,111,000700,21111000700,Census Tract 7,Northwest Core
7,21,111,005600,21111005600,Census Tract 56,Iroquois Park
8,21,111,005900,21111005900,Census Tract 59,Downtown
9,21,111,006200,21111006200,Census Tract 62,Downtown
10,21,111,006500,21111006500,Census Tract 65,University
11,21,111,006600,21111006600,Census Tract 66,University
12,21,111,009000,21111009000,Census Tract 90,Iroquois Park
13,21,111,008100,21111008100,Census Tract 81,Northeast Core
14,21,111,008200,21111008200,Census Tract 82,Southeast Core
15,21,111,008300,21111008300,Census Tract 83,Southeast Core
16,21,111,008400,21111008400,Census Tract 84,Southeast Core
17,21,111,008500,21111008500,Census Tract 85,Southeast Core
18,21,111,008700,21111008700,Census Tract 87,East Core
19,21,111,008800,21111008800,Census Tract 88,Southeast Core
20,21,111,008900,21111008900,Census Tract 89,Southeast Core
21,21,111,009300,21111009300,Census Tract 93,Southeast Core
22,21,111,009400,21111009400,Census Tract 94,Southeast Core
23,21,111,009600,21111009600,Census Tract 96,Southeast Core
24,21,111,009700,21111009700,Census Tract 97,Southeast Core
25,21,111,009800,21111009800,Census Tract 98,East Core
26,21,111,009900,21111009900,Census Tract 99,East Core
27,21,111,010800,21111010800,Census Tract 108,Central Taylorsville
28,21,111,010901,21111010901,Census Tract 109.01,Central Bardstown
29,21,111,010902,21111010902,Census Tract 109.02,Central Taylorsville
30,21,111,011003,21111011003,Census Tract 110.03,Central Bardstown
31,21,111,011004,21111011004,Census Tract 110.04,Central Taylorsville
32,21,111,011800,21111011800,Census Tract 118,Central Preston
33,21,111,011907,21111011907,Census Tract 119.07,Central Preston
34,21,111,000200,21111000200,Census Tract 2,Northwest Core
35,21,111,000300,21111000300,Census Tract 3,Northwest Core
36,21,111,000400,21111000400,Census Tract 4,Northwest Core
37,21,111,000600,21111000600,Census Tract 6,Northwest Core
38,21,111,010001,21111010001,Census Tract 100.01,East Core
39,21,111,010004,21111010004,Census Tract 100.04,East Metro
40,21,111,010005,21111010005,Census Tract 100.05,East Metro
41,21,111,010006,21111010006,Census Tract 100.06,East Metro
42,21,111,010007,21111010007,Census Tract 100.07,East Metro
43,21,111,010008,21111010008,Census Tract 100.08,East Metro
44,21,111,010102,21111010102,Census Tract 101.02,East Metro
45,21,111,010307,21111010307,Census Tract 103.07,North Floyd's Fork
46,21,111,010309,21111010309,Census Tract 103.09,East Metro
47,21,111,011005,21111011005,Census Tract 110.05,Central Bardstown
48,21,111,011102,21111011102,Census Tract 111.02,Central Taylorsville
49,21,111,011106,21111011106,Census Tract 111.06,Central Taylorsville
50,21,111,011109,21111011109,Census Tract 111.09,Central Bardstown
51,21,111,011110,21111011110,Census Tract 111.10,Central Bardstown
52,21,111,011506,21111011506,Census Tract 115.06,Central Bardstown
53,21,111,011601,21111011601,Census Tract 116.01,Parklands of Floyd's Fork
54,21,111,010602,21111010602,Census Tract 106.02,East Core
55,21,111,012411,21111012411,Census Tract 124.11,South-Central Dixie
56,21,111,011712,21111011712,Census Tract 117.12,McNeely Lake
57,21,111,011710,21111011710,Census Tract 117.10,McNeely Lake
58,21,111,011711,21111011711,Census Tract 117.11,McNeely Lake
59,21,111,011709,21111011709,Census Tract 117.09,McNeely Lake
60,21,111,011603,21111011603,Census Tract 116.03,Parklands of Floyd's Fork
61,21,111,011515,21111011515,Census Tract 115.15,Central Bardstown
62,21,111,011513,21111011513,Census Tract 115.13,Central Preston
63,21,111,000800,21111000800,Census Tract 8,Northwest Core
64,21,111,000900,21111000900,Census Tract 9,Northwest Core
65,21,111,001000,21111001000,Census Tract 10,West Core
66,21,111,001100,21111001100,Census Tract 11,West Core
67,21,111,001200,21111001200,Census Tract 12,West Core
68,21,111,001400,21111001400,Census Tract 14,West Core
69,21,111,001500,21111001500,Census Tract 15,West Core
70,21,111,001600,21111001600,Census Tract 16,West Core
71,21,111,001700,21111001700,Census Tract 17,West Core
72,21,111,001800,21111001800,Census Tract 18,West Core
73,21,111,009103,21111009103,Census Tract 91.03,Airport
74,21,111,011901,21111011901,Census Tract 119.01,Airport
75,21,111,012001,21111012001,Census Tract 120.01,Jefferson Forest
76,21,111,012002,21111012002,Census Tract 120.02,Jefferson Forest
77,21,111,012003,21111012003,Census Tract 120.03,Jefferson Forest
78,21,111,012103,21111012103,Census Tract 121.03,Riverport
79,21,111,012104,21111012104,Census Tract 121.04,Jefferson Forest
80,21,111,012105,21111012105,Census Tract 121.05,South-Central Dixie
81,21,111,012106,21111012106,Census Tract 121.06,South-Central Dixie
82,21,111,012107,21111012107,Census Tract 121.07,Jefferson Forest
83,21,111,012202,21111012202,Census Tract 122.02,Iroquois Park
84,21,111,011516,21111011516,Census Tract 115.16,Central Bardstown
85,21,111,011514,21111011514,Census Tract 115.14,Central Preston
86,21,111,011519,21111011519,Census Tract 115.19,Central Bardstown
87,21,111,011520,21111011520,Census Tract 115.20,Central Taylorsville
88,21,111,002100,21111002100,Census Tract 21,Northwest Core
89,21,111,002300,21111002300,Census Tract 23,Northwest Core
90,21,111,002400,21111002400,Census Tract 24,Northwest Core
91,21,111,002700,21111002700,Census Tract 27,West Core
92,21,111,002800,21111002800,Census Tract 28,West Core
93,21,111,003000,21111003000,Census Tract 30,Northwest Core
94,21,111,003500,21111003500,Census Tract 35,West Core
95,21,111,003600,21111003600,Census Tract 36,Southwest Core
96,21,111,003700,21111003700,Census Tract 37,University
97,21,111,012203,21111012203,Census Tract 122.03,South-Central Dixie
98,21,111,012204,21111012204,Census Tract 122.04,Iroquois Park
99,21,111,012301,21111012301,Census Tract 123.01,Iroquois Park
100,21,111,012302,21111012302,Census Tract 123.02,Iroquois Park
101,21,111,012406,21111012406,Census Tract 124.06,South-Central Dixie
102,21,111,012407,21111012407,Census Tract 124.07,South-Central Dixie
103,21,111,012408,21111012408,Census Tract 124.08,South-Central Dixie
104,21,111,012409,21111012409,Census Tract 124.09,South-Central Dixie
105,21,111,010311,21111010311,Census Tract 103.11,North Floyd's Fork
106,21,111,010403,21111010403,Census Tract 104.03,East Metro
107,21,111,010500,21111010500,Census Tract 105,East Core
108,21,111,013100,21111013100,Census Tract 131,Southeast Core
109,21,111,010402,21111010402,Census Tract 104.02,East Metro
110,21,111,011906,21111011906,Census Tract 119.06,Central Preston
111,21,111,011404,21111011404,Census Tract 114.04,Central Preston
112,21,111,011505,21111011505,Census Tract 115.05,Central Preston
113,21,111,011508,21111011508,Census Tract 115.08,Central Bardstown
114,21,111,011904,21111011904,Census Tract 119.04,Central Preston
115,21,111,011403,21111011403,Census Tract 114.03,Central Preston
116,21,111,007100,21111007100,Census Tract 71,University
117,21,111,011713,21111011713,Census Tract 117.13,McNeely Lake
118,21,111,011517,21111011517,Census Tract 115.17,Central Taylorsville
119,21,111,011604,21111011604,Census Tract 116.04,Parklands of Floyd's Fork
120,21,111,010316,21111010316,Census Tract 103.16,North Floyd's Fork
121,21,111,011111,21111011111,Census Tract 111.11,Central Taylorsville
122,21,111,011113,21111011113,Census Tract 111.13,Central Bardstown
123,21,111,011112,21111011112,Census Tract 111.12,Central Taylorsville
124,21,111,003800,21111003800,Census Tract 38,Southwest Core
125,21,111,003900,21111003900,Census Tract 39,Southwest Core
126,21,111,004000,21111004000,Census Tract 40,Southwest Core
127,21,111,004100,21111004100,Census Tract 41,Southwest Core
128,21,111,004301,21111004301,Census Tract 43.01,Southwest Core
129,21,111,004302,21111004302,Census Tract 43.02,Iroquois Park
130,21,111,004400,21111004400,Census Tract 44,Iroquois Park
131,21,111,012501,21111012501,Census Tract 125.01,Southwest Core
132,21,111,012502,21111012502,Census Tract 125.02,South-Central Dixie
133,21,111,012503,21111012503,Census Tract 125.03,South-Central Dixie
134,21,111,012601,21111012601,Census Tract 126.01,Southwest Core
135,21,111,012603,21111012603,Census Tract 126.03,Southwest Core
136,21,111,012604,21111012604,Census Tract 126.04,Southwest Core
137,21,111,012701,21111012701,Census Tract 127.01,Riverport
138,21,111,012702,21111012702,Census Tract 127.02,Riverport
139,21,111,012703,21111012703,Census Tract 127.03,Riverport
140,21,111,010701,21111010701,Census Tract 107.01,East Metro
141,21,111,010702,21111010702,Census Tract 107.02,Central Taylorsville
142,21,111,010705,21111010705,Census Tract 107.05,East Metro
143,21,111,010706,21111010706,Census Tract 107.06,East Metro
144,21,111,011706,21111011706,Census Tract 117.06,Central Preston
145,21,111,011905,21111011905,Census Tract 119.05,Central Preston
146,21,111,011405,21111011405,Census Tract 114.05,Central Preston
147,21,111,011002,21111011002,Census Tract 110.02,Central Bardstown
148,21,111,011406,21111011406,Census Tract 114.06,Central Preston
149,21,111,011518,21111011518,Census Tract 115.18,Central Taylorsville
150,21,111,010320,21111010320,Census Tract 103.20,North Floyd's Fork
151,21,111,011708,21111011708,Census Tract 117.08,McNeely Lake
152,21,111,012410,21111012410,Census Tract 124.10,South-Central Dixie
153,21,111,010405,21111010405,Census Tract 104.05,East Metro
154,21,111,010103,21111010103,Census Tract 101.03,East Metro
155,21,111,011114,21111011114,Census Tract 111.14,Central Bardstown
156,21,111,010315,21111010315,Census Tract 103.15,North Floyd's Fork
157,21,111,010319,21111010319,Census Tract 103.19,North Floyd's Fork
158,21,111,010314,21111010314,Census Tract 103.14,North Floyd's Fork
159,21,111,010104,21111010104,Census Tract 101.04,East Metro
160,21,111,010318,21111010318,Census Tract 103.18,East Metro
161,21,111,010406,21111010406,Census Tract 104.06,East Metro
162,21,111,980100,21111980100,Census Tract 9801,Airport
163,21,111,004500,21111004500,Census Tract 45,Iroquois Park
164,21,111,004600,21111004600,Census Tract 46,Iroquois Park
165,21,111,004900,21111004900,Census Tract 49,Downtown
166,21,111,005000,21111005000,Census Tract 50,Downtown
167,21,111,005100,21111005100,Census Tract 51,University
168,21,111,005200,21111005200,Census Tract 52,University
169,21,111,005300,21111005300,Census Tract 53,University
170,21,111,012801,21111012801,Census Tract 128.01,Southwest Core
171,21,111,012802,21111012802,Census Tract 128.02,Southwest Core
172,21,111,006300,21111006300,Census Tract 63,Southeast Core
173,21,111,006400,21111006400,Census Tract 64,Southeast Core
174,21,111,006800,21111006800,Census Tract 68,Southeast Core
175,21,111,006900,21111006900,Census Tract 69,Southeast Core
176,21,111,007000,21111007000,Census Tract 70,Southeast Core
177,21,111,007400,21111007400,Census Tract 74,Northeast Core
178,21,111,007501,21111007501,Census Tract 75.01,East Core
179,21,111,007502,21111007502,Census Tract 75.02,Northeast Metro
180,21,111,011509,21111011509,Census Tract 115.09,Central Bardstown
181,21,111,011301,21111011301,Census Tract 113.01,Central Bardstown
182,21,111,011200,21111011200,Census Tract 112,Central Bardstown
183,21,111,011302,21111011302,Census Tract 113.02,Central Bardstown
184,21,111,011707,21111011707,Census Tract 117.07,McNeely Lake
185,21,111,007601,21111007601,Census Tract 76.01,Northeast Core
186,21,111,007602,21111007602,Census Tract 76.02,Northeast Core
187,21,111,007603,21111007603,Census Tract 76.03,Northeast Core
188,21,111,007700,21111007700,Census Tract 77,East Core
189,21,111,007800,21111007800,Census Tract 78,East Core
190,21,111,007900,21111007900,Census Tract 79,Northeast Core