,census_tract,Neighborhood,population,poverty_z_score,mpi_score,no_hs_degree,low_income,children_low_income,bachelors_degree,percent_black,unemployed,uninsured,median_earnings
1,1400000US21111003000,Russell,3215,2.801641733,-2.801641733,31.7037037,96.00249844,100,1.407407407,89.97330169,39.6,22.6,7707
2,1400000US21111002100,Portland,2246,2.613184842,-2.613184842,45.91406908,72.90178571,87.84893268,4.212299916,23.95369546,27.5,26.3,17234
3,1400000US21111011901,Fairdale,1510,1.939507515,-1.939507515,26.07879925,67.1875,81.48760331,7.317073171,0,14,37.9,18683
4,1400000US21111002300,Portland,2614,1.912757905,-1.912757905,30.10510511,72.87529786,85.18024032,4.804804805,31.25478194,20.8,25.5,17724
5,1400000US21111005600,South Louisville,4518,1.886977112,-1.886977112,38.54317414,57.29490022,66.48389308,7.766521949,25.71934484,14.9,29.5,18417
6,1400000US21111000600,Russell,1640,1.885280302,-1.885280302,22.45706737,60.57036578,76.6848816,5.812417437,91.95121951,31,25.1,17114
7,1400000US21111005000,Downtown-Old Louisville-University,1688,1.869858746,-1.869858746,22.90362954,68.02928615,96.90721649,10.01251564,52.81767956,31,21.7,14395
8,1400000US21111004301,South Central Louisville,4544,1.835404561,-1.835404561,22.37318841,65.83809943,70.93791281,6.114130435,60.10464356,27.4,25.4,17059
9,1400000US21111003500,Algonquin-Park Hill-Park Duvalle,4711,1.826334223,-1.826334223,37.21153846,83.29137823,91.32893497,7.403846154,50.41858518,18.5,16.2,5086
10,1400000US21111004000,South Central Louisville,1820,1.787968982,-1.787968982,29.21348315,47.69230769,58.44504021,5.790838375,19.94505495,23.5,29,20614
11,1400000US21111006500,Phoenix Hill-Smoketown-Shelby Park,3099,1.660071676,-1.660071676,34.42720764,64.48264677,81.1261731,10.62052506,54.14649887,19.6,19.3,20833
12,1400000US21111000200,Portland,2561,1.594971961,-1.594971961,26.95652174,58.609918,75.38265306,1.872909699,20.63037249,22.5,22.5,17115
13,1400000US21111005900,Phoenix Hill-Smoketown-Shelby Park,3925,1.593188121,-1.593188121,20.21839841,67.85437645,79.65779468,19.3911317,57.21359442,26.5,20.5,16788
14,1400000US21111002400,Russell,5175,1.583741675,-1.583741675,20.75789474,63.78743961,74.82108003,7.157894737,88.8115942,27.7,20.1,16250
15,1400000US21111006200,Phoenix Hill-Smoketown-Shelby Park,1837,1.547730066,-1.547730066,14.02763018,77.51769189,92.75862069,14.02763018,78.16404128,24.1,22.9,18510
16,1400000US21111002800,Algonquin-Park Hill-Park Duvalle,1716,1.490460861,-1.490460861,23.21253673,55.45079552,57.36842105,6.366307542,79.42890443,17,28.9,19000
17,1400000US21111012802,South Central Louisville,2681,1.447121877,-1.447121877,22.77814352,48.19097352,68.45549738,12.96905859,60.79820962,20.1,27.6,23995
18,1400000US21111003700,South Central Louisville,1675,1.390983674,-1.390983674,20.02275313,46.29171817,55.90551181,6.939704209,33.09608541,30.8,18.5,19531
19,1400000US21111009103,South Louisville,1695,1.378634629,-1.378634629,31.39784946,36.81415929,57.63888889,6.774193548,23.89380531,20.1,23.1,25028
20,1400000US21111001700,California-Parkland,2126,1.343512803,-1.343512803,17.44075829,48.40075259,56.20300752,5.213270142,92.52116651,24.4,24.6,15930
21,1400000US21111003600,South Central Louisville,5631,1.32395259,-1.32395259,18.06886759,54.19996448,78.77389585,11.0401136,47.45160717,23.5,22.4,20320
22,1400000US21111003900,South Central Louisville,3873,1.302444399,-1.302444399,24.43396226,51.6395559,79.45544554,6.273584906,33.53989156,14.2,26.8,24588
23,1400000US21111000300,Portland,2299,1.28598853,-1.28598853,27.99717913,46.88995215,74.76190476,3.596614951,55.76337538,20.4,19.3,16333
24,1400000US21111001800,California-Parkland,1540,1.268943539,-1.268943539,16.06022585,69.80519481,90.81632653,9.661229611,90,20.2,20.1,14362
25,1400000US21111011404,Buechel-Newburg-Indian Trail,3217,1.263136928,-1.263136928,24.75027747,52.19728106,67.48071979,11.37624861,31.61330432,17.9,21.7,19593
26,1400000US21111001600,Algonquin-Park Hill-Park Duvalle,2459,1.230471053,-1.230471053,24.04153355,60.30906873,80.11283498,5.3514377,88.12525417,21.4,15.1,20254
27,1400000US21111011302,Buechel-Newburg-Indian Trail,6880,1.205584364,-1.205584364,20.21683673,53.73900293,68.38058626,9.24744898,71.06104651,22.5,18.6,18247
28,1400000US21111000700,Chickasaw-Shawnee,2881,1.19587933,-1.19587933,17.70168311,50.15619577,74.125,9.866511898,85.80846634,21.8,22.2,19498
29,1400000US21111002700,California-Parkland,2750,1.190087552,-1.190087552,14.92978566,65.6,66.78700361,10.12564671,85.74445618,21.2,19.3,12228
30,1400000US21111011405,Buechel-Newburg-Indian Trail,5642,1.157467867,-1.157467867,25.1098344,35.13321492,38.77221325,14.90368368,44.58486923,20.4,22.1,20486
31,1400000US21111004100,South Central Louisville,2710,1.155858514,-1.155858514,21.32450331,44.31734317,51.04790419,6.754966887,23.65313653,16.9,25.1,23046
32,1400000US21111001200,Chickasaw-Shawnee,2970,1.146568025,-1.146568025,13.02657161,52.11218837,55.71205008,9.39727803,96.73400673,20.9,24.6,19736
33,1400000US21111012702,Shively,1837,1.062555184,-1.062555184,22.39263804,36.875,61.53846154,4.703476483,10.61513337,22.1,19.3,25662
34,1400000US21111004302,South Louisville,1562,1.057973937,-1.057973937,33.2103321,57.74647887,70.07722008,2.33702337,37.00887199,10.2,15,20682
35,1400000US21111009105,South Louisville,3431,1.028740633,-1.028740633,24.28198433,57.3677956,68.62903226,6.984334204,24.42436607,16.7,14.9,18476
36,1400000US21111005100,Downtown-Old Louisville-University,3183,1.025102029,-1.025102029,17.65382404,57.5871819,15.12195122,23.46175963,30.57442866,13.6,22.8,15523
37,1400000US21111012002,Fairdale,6226,0.993854677,-0.993854677,28.6756126,39.38955823,53.32464146,6.067677946,1.730491908,10.9,22.5,28410
38,1400000US21111001000,California-Parkland,2631,0.943765255,-0.943765255,15.67043619,69.68412943,87.2,12.43941842,92.05625238,16.4,15.1,20610
39,1400000US21111004900,Downtown-Old Louisville-University,2167,0.918418127,-0.918418127,17.75238095,57.49770009,100,20.91428571,46.12777053,13.6,19.8,16265
40,1400000US21111003800,South Central Louisville,3489,0.780520765,-0.780520765,17.55765199,43.88920617,52.74488698,12.36897275,20.18846374,15.7,18.9,21218
41,1400000US21111000800,Chickasaw-Shawnee,2239,0.776851362,-0.776851362,7.591623037,43.76953997,54.71698113,12.65270506,98.61545333,24.7,17.8,19844
42,1400000US21111004500,South Louisville,3341,0.770335628,-0.770335628,16.42294713,42.29272673,66.26898048,14.22947132,12.485172,17.1,18.7,23217
43,1400000US21111011906,Highview-Okolona,3153,0.76868959,-0.76868959,20.59178744,47.16143356,73.5152488,16.3647343,29.08341262,13.1,17.6,18864
44,1400000US21111000900,Chickasaw-Shawnee,2057,0.761695929,-0.761695929,10.71428571,48.61448712,58.24175824,11.875,97.13174526,25.4,12.6,23384
45,1400000US21111012701,Shively,3384,0.742903219,-0.742903219,19.60493827,42.31566479,63.85135135,6.518518519,54.72813239,14.5,18,25360
46,1400000US21111001500,Algonquin-Park Hill-Park Duvalle,2831,0.685338551,-0.685338551,17.99450549,46.11012433,69.57264957,14.01098901,95.12539739,17.3,13.6,17993
47,1400000US21111012703,Pleasure Ridge Park,6335,0.58275759,-0.58275759,17.60023585,30.06451613,35.218509,10.79009434,13.95275591,13.9,20,25915
48,1400000US21111009000,South Louisville,6381,0.574513579,-0.574513579,17.91827719,31.53110798,28.14661134,25.04141358,10.60962232,13.6,19.3,25503
49,1400000US21111000400,Chickasaw-Shawnee,5113,0.547977682,-0.547977682,16.63501709,36.17146213,51.28410915,9.266995822,73.85096812,16.1,15.5,24779
50,1400000US21111011301,Buechel-Newburg-Indian Trail,2433,0.49578013,-0.49578013,13.35504886,47.29002896,69.42909761,19.62540717,48.58199753,8.9,19.6,20795
51,1400000US21111011710,Highview-Okolona,2959,0.478975685,-0.478975685,10.47806156,34.39667129,45.85714286,14.40733464,9.332884097,15,20,22155
52,1400000US21111012604,Shively,5474,0.47280077,-0.47280077,7.934782609,34.01015228,50.25197984,12.82608696,41.94373402,17.4,19.6,26657
53,1400000US21111011002,Buechel-Newburg-Indian Trail,4992,0.470372754,-0.470372754,15.89041096,48.93830128,61.08786611,16.8297456,35.99450765,6.9,18.3,23007
54,1400000US21111001400,Algonquin-Park Hill-Park Duvalle,2507,0.447214811,-0.447214811,5.290546401,51.75859313,69.72677596,17.86643539,99.12245712,18.5,13.6,27365
55,1400000US21111012502,Pleasure Ridge Park,5417,0.428289229,-0.428289229,11.11862116,36.58851763,53.80753138,10.67928354,10.79933543,14.1,18.2,27725
56,1400000US21111012104,Valley Station,3728,0.42224071,-0.42224071,21.05820106,27.16514255,37.38601824,12.16931217,7.483905579,10.4,17.3,24341
57,1400000US21111001100,Chickasaw-Shawnee,3316,0.405886466,-0.405886466,8.569868996,39.14354644,57.08712614,19.05021834,94.93365501,16,16.8,23309
58,1400000US21111011800,Buechel-Newburg-Indian Trail,2581,0.38738179,-0.38738179,17.06666667,28.2887078,48.39449541,17.93333333,26.46261139,7.5,21.8,20666
59,1400000US21111012501,Shively,2250,0.350746779,-0.350746779,16.39824305,26.31111111,20.35928144,13.68960469,25.69856054,13.4,16.3,29335
60,1400000US21111011713,Highview-Okolona,2744,0.303050299,-0.303050299,16.00520494,35.98166539,47.42589704,6.766428107,2.004373178,8.5,16.6,27975
61,1400000US21111012801,Shively,3438,0.279891964,-0.279891964,12.29980782,48.57475276,74.52229299,13.0685458,80.1628854,12.5,10.5,18510
62,1400000US21111005200,Downtown-Old Louisville-University,3226,0.277563018,-0.277563018,11.44414169,41.69249845,20.67901235,40,22.2566646,6.2,19.6,19688
63,1400000US21111004400,South Louisville,4519,0.277259719,-0.277259719,12.70117442,38.50587453,49.59128065,20.74815137,18.72095596,10.5,15.6,20757
64,1400000US21111011905,Highview-Okolona,7791,0.235748996,-0.235748996,14.34793128,35.46354635,58.53889943,14.15436729,13.75946605,8.8,15.9,27386
65,1400000US21111007100,Germantown,4984,0.230439602,-0.230439602,14.68200271,49.15730337,57.24465558,33.42354533,13.30156839,12.6,7,21359
66,1400000US21111005300,Downtown-Old Louisville-University,2411,0.225020251,-0.225020251,6.783369803,55.62130178,53.84615385,37.19912473,12.15263376,11.7,11.5,5737
67,1400000US21111012409,Valley Station,3402,0.195658609,-0.195658609,15.83287521,34.77366255,50.7859734,9.950522265,8.436213992,9,13.7,24505
68,1400000US21111011200,Southeast Louisville,5322,0.176876867,-0.176876867,14.26543648,45.49644709,65.46026751,18.70120653,31.2465476,3.2,16.2,21541
69,1400000US21111011406,Buechel-Newburg-Indian Trail,4646,0.17558668,-0.17558668,10.54800165,24.88599349,39.80861244,15.45117429,32.31263383,12.3,17.5,25049
70,1400000US21111012003,Fairdale,3848,0.156975868,-0.156975868,14.57509881,30.03386299,48.5428051,11.11660079,0,12.9,11.5,28118
71,1400000US21111006300,Germantown,1786,0.14776636,-0.14776636,5.616093881,35.75418994,59.86394558,38.5582565,4.699453552,4.2,24.5,25136
72,1400000US21111009106,South Louisville,5115,0.14601311,-0.14601311,18.83074935,23.42130987,33.33333333,12.82299742,9.169110459,11.1,12,29483
73,1400000US21111006600,Downtown-Old Louisville-University,1720,0.13322952,-0.13322952,6.429942418,38.43023256,48.37209302,43.378119,24.34933488,12,15,21528
74,1400000US21111012503,Shively,3726,0.069369508,-0.069369508,11.34070159,20.79978529,22.82913165,10.6679481,14.70746108,12.6,15.1,29396
75,1400000US21111012603,Shively,2600,0.035631329,-0.035631329,12.56873527,35.42307692,35.6302521,13.98271799,44.46153846,7.8,12.7,22976
76,1400000US21111011005,J-Town,2722,0.026531004,-0.026531004,9.308022045,37.03159442,49.40944882,24.43355787,22.77736958,8.3,13.9,25318
77,1400000US21111011509,Fern Creek,4112,-0.017449932,0.017449932,13.75838926,34.36284047,60.46002191,11.78691275,22.08171206,5.2,13.2,25446
78,1400000US21111012001,Fairdale,3302,-0.034461857,0.034461857,9.269988413,30.46638401,48.36065574,10.48667439,0.393700787,12.5,10.5,27745
79,1400000US21111006800,Germantown,2070,-0.036321974,0.036321974,11.81102362,27.43961353,24.73404255,37.16535433,6.52173913,10.6,11.4,30673
80,1400000US21111012103,Valley Station,3125,-0.040654411,0.040654411,8.746355685,22.816,33.93124066,7.930029155,5.088,11.7,14.2,28675
81,1400000US21111011904,Highview-Okolona,2732,-0.06334622,0.06334622,9.056364788,25.73887018,39.97005988,21.15262825,6.991215227,14.5,9.6,24643
82,1400000US21111012202,South Louisville,6730,-0.072303834,0.072303834,16.24033314,23.02083333,40.31791908,12.99821535,20.80890973,8.8,10.3,30106
83,1400000US21111009400,Southeast Louisville,6803,-0.091960857,0.091960857,7.886754297,27.02224842,44.51962111,27.70475228,4.512714979,13,10.7,31271
84,1400000US21111007602,Butchertown-Clifton-Crescent Hill,3530,-0.108760565,0.108760565,4.271246147,38.40682788,61.0367893,38.17701453,20.1320132,7.4,14.4,29317
85,1400000US21111008100,Butchertown-Clifton-Crescent Hill,3162,-0.109463545,0.109463545,10.48171276,23.8385133,23.43387471,40.90098127,3.754578755,5.9,16.2,33361
86,1400000US21111012105,Valley Station,4969,-0.120448887,0.120448887,9.893153937,25.56772101,43.4223541,14.48357736,2.374356945,7.7,14,27466
87,1400000US21111012107,Valley Station,6005,-0.125371316,0.125371316,12.36237811,25.37139042,38.21292776,6.700220195,1.76519567,6.6,13.1,30378
88,1400000US21111011506,Fern Creek,5541,-0.126821733,0.126821733,8.926174497,21.57003961,29.21122995,36.30872483,14.13395751,11.3,12.5,31332
89,1400000US21111011712,Highview-Okolona,4406,-0.128120059,0.128120059,11.82600816,13.04447501,17.60828625,14.95242411,8.976377953,10,14.5,29520
90,1400000US21111011403,Buechel-Newburg-Indian Trail,1675,-0.141160345,0.141160345,9.422850412,28.8277512,47.00315457,9.305064782,0.776119403,9.5,10.9,25967
91,1400000US21111012106,Valley Station,7922,-0.141311848,0.141311848,10.65592635,17.80960832,25.85551331,18.4579977,3.485893417,8.5,14.8,30760
92,1400000US21111012302,South Louisville,5060,-0.152346246,0.152346246,3.347696387,29.10198467,29.83783784,14.58402386,14.44141689,10.8,13.9,22576
93,1400000US21111012601,Shively,7106,-0.163233628,0.163233628,9.356081453,29.27103856,47.70642202,10.62190424,65.15339111,7.1,12.5,27424
94,1400000US21111007400,Butchertown-Clifton-Crescent Hill,2009,-0.172363245,0.172363245,10.21753461,30.41314087,42.10526316,46.80290046,4.926575083,4.7,13.5,32068
95,1400000US21111012301,South Louisville,3632,-0.225600007,0.225600007,8.929503916,25.09578544,47.81582054,24.28198433,16.385411,10.8,9,34221
96,1400000US21111004600,South Louisville,3525,-0.235858866,0.235858866,11.32637854,26.47309991,48.34183673,25.43467462,7.367526211,5.3,11.7,27914
97,1400000US21111012204,South Louisville,4072,-0.236257369,0.236257369,9.63088672,21.83202358,19.38271605,24.05600339,10.60903733,10.3,9.8,29743
98,1400000US21111007700,Butchertown-Clifton-Crescent Hill,3449,-0.248909406,0.248909406,4.668166479,27.83415483,28.61230329,64.39820022,4.408482143,12,9.5,31932
99,1400000US21111010901,Southeast Louisville,4354,-0.270553793,0.270553793,4.6141607,28.24988516,36.9266055,28.12251392,22.19263205,3.5,17,28750
100,1400000US21111011102,J-Town,6363,-0.286596642,0.286596642,11.82572614,9.929411765,5.024311183,32.36514523,3.536133416,6.9,14.2,31747
101,1400000US21111011106,J-Town,6475,-0.304122888,0.304122888,10.33342519,19.43718284,26.98961938,25.18600165,9.588835534,6.7,11.7,29416
102,1400000US21111011514,Highview-Okolona,3261,-0.307581108,0.307581108,10.31298102,12.35817234,15.55232558,30.22062596,17.63262803,12,9,31545
103,1400000US21111011907,Highview-Okolona,4351,-0.321190321,0.321190321,8.819412039,14.48771442,9.543010753,16.23891741,7.980049875,8.6,12.3,27896
104,1400000US21111010004,Northeast Jefferson,3965,-0.327965595,0.327965595,6.633704162,19.0897598,29.18149466,42.10960033,11.50545117,3.8,16.8,31544
105,1400000US21111011003,Southeast Louisville,5614,-0.347865103,0.347865103,4.4546851,22.26192603,25.96348884,32.28878648,17.0280839,9.5,11.3,26674
106,1400000US21111012406,Pleasure Ridge Park,6036,-0.364451498,0.364451498,5.996131528,21.02521008,24.94099135,15.37717602,3.959575878,6.8,12.7,25544
107,1400000US21111006900,Germantown,2045,-0.383735439,0.383735439,11.13569322,26.4940239,21.42857143,33.1120944,7.808340728,4.1,8.9,27368
108,1400000US21111012408,Pleasure Ridge Park,2316,-0.386318906,0.386318906,11.36192626,15.98094413,11.03752759,7.975921746,14.85319516,5.2,11.3,31903
109,1400000US21111012407,Pleasure Ridge Park,5035,-0.420683269,0.420683269,5.534918276,14.49454396,27.66519824,12.81575037,15.98808342,12.6,8.2,28567
110,1400000US21111011707,Highview-Okolona,5103,-0.421628383,0.421628383,8.34478022,16.38252009,23.62264151,19.05906593,11.77738585,11.1,6.8,35694
111,1400000US21111011004,Southeast Louisville,6320,-0.422288443,0.422288443,8.509933775,26.50985378,48.39554682,33.24503311,19.46412073,5.8,8.2,27829
112,1400000US21111010405,Northeast Jefferson,4152,-0.44088924,0.44088924,5.440070765,24.55378678,36.9593709,48.51835471,5.400943396,10.7,6,39591
113,1400000US21111011513,Highview-Okolona,4619,-0.442575078,0.442575078,11.0821382,21.1677236,22.24861441,20.55627988,15.08984629,7.3,6.1,33110
114,1400000US21111010006,Northeast Jefferson,3611,-0.450974568,0.450974568,4.014989293,14.72460559,21.55525239,45.39614561,15.73464912,8.4,12.5,31123
115,1400000US21111007000,Germantown,2094,-0.454805141,0.454805141,3.110419907,23.94098049,32.55208333,44.86780715,0.666349357,7.3,10.9,31988
116,1400000US21111010319,Northeast Jefferson,4816,-0.461606241,0.461606241,2.467343977,12.35697941,19.61823966,52.28592163,14.04308202,7.6,15,36517
117,1400000US21111010602,St. Matthews,4014,-0.465029459,0.465029459,3.853955375,18.12420786,34.18647166,56.43002028,5.648171187,4.5,14.8,35359
118,1400000US21111006400,Highlands,1572,-0.47200019,0.47200019,1.785714286,18.27411168,13.36898396,54.375,4.517326733,6.2,14.5,36292
119,1400000US21111011709,Floyd's Fork,4077,-0.472939597,0.472939597,8.72873769,8.696717295,7.662835249,27.08146822,3.225018324,8.4,10.4,39711
120,1400000US21111007603,Butchertown-Clifton-Crescent Hill,2485,-0.492234604,0.492234604,0,24.375,22.7027027,54.43285528,15.69416499,7.4,12,29003
121,1400000US21111012411,Pleasure Ridge Park,7010,-0.520146179,0.520146179,6.050086784,22.24900737,36.93340795,17.38160179,17.44186047,9.3,5.5,31273
122,1400000US21111010902,Southeast Louisville,4194,-0.534395279,0.534395279,4.340704341,14.35383882,16.70428894,42.42424242,8.845970434,6.4,12,31285
123,1400000US21111010005,Northeast Jefferson,4319,-0.550041477,0.550041477,6.15694165,15.97853977,22.19074599,36.49899396,4.776579353,6.4,9.6,31897
124,1400000US21111011517,Floyd's Fork,5848,-0.552027766,0.552027766,5.234079674,12.12909943,12.69368296,41.64001163,11.2004104,6.1,11.9,45739
125,1400000US21111011111,J-Town,5480,-0.552269493,0.552269493,8.906882591,12.17678342,7.7,42.94871795,22.51824818,7.3,7.9,32722
126,1400000US21111011711,Highview-Okolona,5409,-0.557469972,0.557469972,8.030154048,10.57407407,12.44897959,25.9914782,6.674061749,4.6,11.6,35857
127,1400000US21111010103,Northeast Jefferson,4446,-0.557995585,0.557995585,3.443169197,15.63415184,18.24561404,48.4265087,9.10722297,4,13.9,31912
128,1400000US21111009300,Southeast Louisville,4649,-0.564620032,0.564620032,6.824247045,14.4955714,12.21166893,41.1361037,1.48949194,6.2,9.4,31052
129,1400000US21111010104,Northeast Jefferson,2925,-0.577120864,0.577120864,4.139562389,18.26825127,21.46892655,43.99763454,11.34125637,3.8,12.1,35144
130,1400000US21111012203,Pleasure Ridge Park,6152,-0.590497249,0.590497249,5.203895313,17.89661899,22.06325301,23.85879489,8.715083799,8.3,6.7,30625
131,1400000US21111011505,Highview-Okolona,6367,-0.609753539,0.609753539,5.149194613,16.64825627,20.22237665,36.30842355,26.71587875,6.9,8,34261
132,1400000US21111011706,Highview-Okolona,3813,-0.612346164,0.612346164,9.559939302,12.09889532,15.08238276,22.55943349,5.527123849,8.4,4.7,36049
133,1400000US21111010320,Northeast Jefferson,3421,-0.630994718,0.630994718,4.522613065,10.70801638,11.72985782,44.12060302,25.4603917,4.4,12.4,36038
134,1400000US21111011114,J-Town,5380,-0.644957676,0.644957676,3.455790785,15.48327138,29.22022279,42.74595268,29.75836431,5.9,9.7,43545
135,1400000US21111010008,Northeast Jefferson,3893,-0.684191431,0.684191431,3.201219512,17.0015456,18.55555556,58.94308943,11.43077318,3.8,10.3,34171
136,1400000US21111010800,Southeast Louisville,3701,-0.689737342,0.689737342,5.679513185,21.372602,28.74172185,53.95537525,11.40664962,3.7,6.8,38777
137,1400000US21111009700,Southeast Louisville,2651,-0.697222269,0.697222269,2.188868043,10.98612673,10.13645224,57.47342089,2.88005833,8.5,8.3,47951
138,1400000US21111007900,Butchertown-Clifton-Crescent Hill,1829,-0.708230443,0.708230443,2.65625,16.347731,5.639097744,63.984375,2.101293103,4.3,9.8,34167
139,1400000US21111010311,Northeast Jefferson,7570,-0.710190294,0.710190294,2.965923433,16.49867374,27.21829069,43.7946992,20.33025099,5.6,8.2,34472
140,1400000US21111011109,Fern Creek,2225,-0.728314246,0.728314246,5.522514868,11.01580135,17.38317757,33.13508921,15.83892617,3.6,9.6,33967
141,1400000US21111007601,Butchertown-Clifton-Crescent Hill,1991,-0.73260572,0.73260572,2.504038772,26.11752888,39.93610224,67.04361874,9.476801579,4.4,5.7,32153
142,1400000US21111008300,Highlands,2485,-0.734265378,0.734265378,1.308411215,10.70422535,2.287581699,67.28971963,1.167002012,7.1,9.4,41782
143,1400000US21111011508,Highview-Okolona,5032,-0.734998744,0.734998744,2.085703451,12.73847377,14.95867769,41.71406902,24.04610493,5.2,9.9,37094
144,1400000US21111012410,Pleasure Ridge Park,4242,-0.736320809,0.736320809,2.629107981,10.2310231,7.358262967,15.77464789,19.07119283,7.2,8.4,31652
145,1400000US21111010706,J-Town,3452,-0.741885109,0.741885109,2.189349112,12.18450827,19.33438986,48.93491124,1.041365346,1.6,13.3,33493
146,1400000US21111009900,St. Matthews,2800,-0.745937581,0.745937581,2.341343192,15.61604585,17.07779886,53.85089341,4.928571429,5.6,8,35625
147,1400000US21111010705,J-Town,5903,-0.768726782,0.768726782,4.747413268,7.640182958,2.074688797,63.08581862,15.78059072,4.6,9.3,36173
148,1400000US21111008200,Highlands,4053,-0.780817866,0.780817866,2.796376526,14.3980344,5.504587156,72.23316266,2.96404276,5.2,7.5,33228
149,1400000US21111011516,Fern Creek,4281,-0.782638478,0.782638478,3.488920321,15.9542163,25.11584801,33.71051391,8.245736977,3.2,8.3,33635
150,1400000US21111011515,Fern Creek,4944,-0.801155237,0.801155237,4.273813836,12.01128577,19.00089206,22.45563202,12.59572753,6.8,5.1,33886
151,1400000US21111010601,St. Matthews,3008,-0.811715298,0.811715298,1.506186122,20.87912088,28.29457364,64.3894567,1.49872449,3.8,6.7,40581
152,1400000US21111010500,St. Matthews,3805,-0.812026629,0.812026629,1.40625,17.31636171,20.72617247,51.45833333,4.099868594,3.1,8.7,34513
153,1400000US21111010702,J-Town,5423,-0.824492433,0.824492433,3.963510538,9.600147411,10.42402827,53.97923875,8.494564216,5.6,6.7,42057
154,1400000US21111010406,Northeast Jefferson,5660,-0.828477672,0.828477672,1.24327957,14.49352492,21.72661871,64.58333333,10.74408901,7,5.6,40016
155,1400000US21111008500,Highlands,2111,-0.836812871,0.836812871,0.41322314,13.21648508,0,65.63360882,2.8395646,2.5,10.8,34544
156,1400000US21111011110,Fern Creek,5883,-0.845882155,0.845882155,1.711711712,10.23950017,17.09726444,35.73573574,4.861465239,8.2,5.1,33824
157,1400000US21111007800,Butchertown-Clifton-Crescent Hill,3086,-0.874117288,0.874117288,2.128764278,16.85029164,20.46979866,61.52647975,2.59235256,3.4,6.3,37432
158,1400000US21111011708,Floyd's Fork,4771,-0.885750201,0.885750201,2.560124127,9.024134313,8.035714286,36.77269201,11.51034051,6.1,5.8,40648
159,1400000US21111008800,Highlands,3082,-0.889220197,0.889220197,2.968664101,14.56846204,11.39489194,78.28477185,1.331642359,2.2,7.2,42888
160,1400000US21111011519,Floyd's Fork,5188,-0.892410801,0.892410801,2.511721366,9.427347098,9.81595092,39.08238446,10.72452686,5.8,5.8,42609
161,1400000US21111009800,St. Matthews,2546,-0.89744643,0.89744643,0.648929267,6.690419636,1.369863014,65.34717716,0.078554595,7.1,6.8,46837
162,1400000US21111010402,Floyd's Fork,6243,-0.898204497,0.898204497,2.923812201,11.30131558,22.44008715,51.22294068,7.208491762,4,6.4,41202
163,1400000US21111007502,Northeast Jefferson,5065,-0.909427018,0.909427018,3.807010931,10.48275862,9.309623431,68.37542405,3.501427212,4,5.7,54132
164,1400000US21111010701,J-Town,4979,-0.912743467,0.912743467,3.852667231,8.716609761,4.892601432,74.85182049,3.735689898,7,3.3,53583
165,1400000US21111011112,J-Town,3414,-0.912792051,0.912792051,1.382978723,17.31107206,29.64285714,47.28723404,20.97246632,2.3,6.7,40423
166,1400000US21111011604,Floyd's Fork,2620,-0.913177064,0.913177064,2.476572959,8.244274809,6.486486486,43.37349398,3.664122137,6.7,4.8,36442
167,1400000US21111009600,Southeast Louisville,4349,-0.915029014,0.915029014,2.237521515,13.42837434,33.1185567,69.06196213,0.229937917,3.7,6,43301
168,1400000US21111010007,Northeast Jefferson,3885,-0.941018935,0.941018935,2.847490347,5.072090628,1.733333333,58.92857143,4.111637179,4.9,6.6,37123
169,1400000US21111011113,J-Town,2625,-0.960623066,0.960623066,1.511169514,10.74285714,23.86587771,50.13140604,12.8,5.4,4.6,50690
170,1400000US21111008400,Highlands,2754,-0.981110235,0.981110235,0.106666667,13.55810617,18.3908046,64.16,0.648464164,4.9,4.6,43591
171,1400000US21111010001,St. Matthews,4547,-0.984239013,0.984239013,2.054231717,9.249448124,17.06398996,64.87263763,3.298878381,3.8,5.6,46489
172,1400000US21111010315,Northeast Jefferson,3306,-1.002167988,1.002167988,4.890738814,7.956600362,8.468244085,66.9094693,2.863170585,4.3,2.9,50246
173,1400000US21111011601,Floyd's Fork,6159,-1.025235595,1.025235595,3.168712532,4.611138172,4.172661871,58.89237796,9.220425804,5.4,3.7,50334
174,1400000US21111011518,Floyd's Fork,2558,-1.026767215,1.026767215,3.309859155,4.61297889,1.918158568,60.14084507,3.440187647,4,4.9,53036
175,1400000US21111008900,Southeast Louisville,4307,-1.035356327,1.035356327,0,7.601497265,1.027900147,69.58413926,4.225679127,5.5,4.7,36696
176,1400000US21111010316,Northeast Jefferson,4749,-1.060605841,1.060605841,2.262611276,6.893635018,5.578342904,66.95103858,6.296062329,5.1,2.9,63616
177,1400000US21111010403,Northeast Jefferson,3829,-1.068083639,1.068083639,1.076779026,10.23560209,8.499335989,62.31273408,6.795622296,4.4,3.1,45906
178,1400000US21111010313,Northeast Jefferson,4115,-1.096584184,1.096584184,2.060970374,3.839611179,4.022988506,73.89437527,6.002430134,4.1,4.1,66532
179,1400000US21111011603,Floyd's Fork,4415,-1.118476526,1.118476526,0.673534073,5.461521101,0,36.41045959,0.699616339,4.5,3.6,40885
180,1400000US21111010309,Northeast Jefferson,4753,-1.130101159,1.130101159,2.196485623,6.356556514,7.365145228,67.13258786,10.59793814,1.8,4.4,46603
181,1400000US21111010314,Northeast Jefferson,6560,-1.135906531,1.135906531,1.836905093,2.332317073,0.75454949,59.00361815,5.868902439,3.7,4.1,51505
182,1400000US21111010318,Northeast Jefferson,5943,-1.142813943,1.142813943,0.780487805,7.188337802,4.570527975,74.82926829,4.030100334,3.5,3.2,46771
183,1400000US21111010307,Northeast Jefferson,5533,-1.168213049,1.168213049,1.944627554,9.337676439,14.76923077,61.50296638,8.40412073,2.2,2.1,51427
184,1400000US21111010312,Northeast Jefferson,3136,-1.169024925,1.169024925,1.310861423,7.525510204,9.158878505,72.84644195,1.977040816,5,0.5,34762
185,1400000US21111010102,Northeast Jefferson,3984,-1.176351842,1.176351842,1.271186441,2.870693959,0.895856663,60.92278719,3.10713398,5.9,1.1,45586
186,1400000US21111007501,Northeast Jefferson,5097,-1.177621629,1.177621629,0.642054575,3.180836442,1.97856554,82.46388443,0.392387679,4.8,2.5,61667
187,1400000US21111008700,Highlands,4250,-1.201812488,1.201812488,0,5.922792173,4.33295325,74.16829746,0.564705882,3.2,2.9,37311
188,1400000US21111013100,Southeast Louisville,2015,-1.202617506,1.202617506,0.260416667,4.412493803,1.372997712,74.04513889,0.495785821,2.9,3.5,48589
189,1400000US21111011520,Floyd's Fork,3630,-1.23682187,1.23682187,2.35640648,2.561983471,0,47.32449681,2.479338843,3,1.5,49958
190,1400000US21111010317,Northeast Jefferson,4537,-1.346297544,1.346297544,0,2.137976637,0.903342367,74.46890691,0.617147895,2.3,1.1,53906
